Link Name,Center of Mass X,Center of Mass Y,Center of Mass Z,Center of Mass Roll,Center of Mass Pitch,Center of Mass Yaw,Mass,Moment Ixx,Moment Ixy,Moment Ixz,Moment Iyy,Moment Iyz,Moment Izz,Visual X,Visual Y,Visual Z,Visual Roll,Visual Pitch,Visual Yaw,Mesh Filename,Color Red,Color Green,Color Blue,Color Alpha,Collision X,Collision Y,Collision Z,Collision Roll,Collision Pitch,Collision Yaw,Collision Mesh Filename,Material Name,SW Components,Coordinate System,Axis Name,Joint Name,Joint Type,Joint Origin X,Joint Origin Y,Joint Origin Z,Joint Origin Roll,Joint Origin Pitch,Joint Origin Yaw,Parent,Joint Axis X,Joint Axis Y,Joint Axis Z,Limit Effort,Limit Velocity,Limit Lower,Limit Upper,Calibration rising,Calibration falling,Dynamics Damping,Dynamics Friction,Safety Soft Upper,Safety Soft Lower,Safety K Position,Safety K Velocity
torso,1.84464307992472E-07,0.0602091673197047,-0.00756677633620508,0,0,0,0.861828234635404,0.00175828937858155,-7.17209452041362E-06,-1.04810950865216E-07,0.00243043017741996,-8.18116613198071E-06,0.0020629884254432,0,0,0,0,0,0,package://alponse.SLDASM/meshes/torso.STL,0.752941176470588,0.752941176470588,0.752941176470588,1,0,0,0,0,0,0,package://alponse.SLDASM/meshes/torso.STL,,torso-1,Origin_global,,,,0,0,0,0,0,0,,0,0,0,,,,,,,,,,,,
head pan,6.90709722113199E-17,0.0126296408654393,-3.7470027081099E-16,0,0,0,0.00603166260725153,1.28487529589188E-06,-3.20968370537383E-22,-4.84676140167786E-23,2.50970050357347E-06,-1.27311287363795E-21,2.95992463677993E-06,0,0,0,0,0,0,package://alponse.SLDASM/meshes/head pan.STL,0.792156862745098,0.819607843137255,0.933333333333333,1,0,0,0,0,0,0,package://alponse.SLDASM/meshes/head pan.STL,,head pan-1,Origin_19 head pan,Axis_19 head pan,19 head pan,continuous,0,0.05315,0.1003,1.5708,0,0,torso,0,1,0,0,0,0,0,,,,,,,,
head tilt,-6.3143E-05,0.0026149,-0.019471,0,0,0,0.055955,1.6754E-05,-2.7692E-08,-1.8059E-07,1.4999E-05,1.9449E-08,1.2538E-05,0,0,0,0,0,0,package://alponse.SLDASM/meshes/head tilt.STL,0.75294,0.75294,0.75294,1,0,0,0,0,0,0,package://alponse.SLDASM/meshes/head tilt.STL,,head tilt-1,Origin_20 head tilt,Axis_20 head tilt,20 head tilt,continuous,0,0.0360000000000001,0,1.5707963267949,0,0,head pan,1,0,0,0,0,0,0,,,,,,,,
r sho pitch,0.000435755988573185,0.00457383163193556,-0.00875981055551797,0,0,0,0.0229412691742223,6.25301332255445E-06,4.98987758199403E-07,1.17595201407971E-07,1.14452898800645E-05,1.23520764424902E-06,1.33315119424215E-05,0,0,0,0,0,0,package://alponse.SLDASM/meshes/r sho pitch.STL,0.666666666666667,0.698039215686274,0.768627450980392,1,0,0,0,0,0,0,package://alponse.SLDASM/meshes/r sho pitch.STL,,sho pitch-3,Origin_1 r sho pitch,Axis_1 r sho pitch,1 r sho pitch,continuous,-0.0765999999999994,0.0531502873090934,0.0821000000000016,-1.5707963267949,0,-1.5707963267949,torso,0,0,1,0,0,0,0,,,,,,,,
r sho roll,0.0143715754849901,-0.06618082704026,0.0110310629088879,0,0,0,0.175572539814928,5.33752340165936E-05,-5.06922563651449E-07,2.10034146894803E-07,5.58997427187548E-05,1.63445036483274E-06,6.52968731046064E-05,0,0,0,0,0,0,package://alponse.SLDASM/meshes/r sho roll.STL,0.752941176470588,0.752941176470588,0.752941176470588,1,0,0,0,0,0,0,package://alponse.SLDASM/meshes/r sho roll.STL,,sho roll-3,Origin_3 r sho roll,Axis_3 r sho roll,3 r sho roll,continuous,0,0.0240195526217003,-0.0285195526217007,3.14159265358979,0,0,r sho pitch,1,0,0,0,0,0,0,,,,,,,,
r elbow,0.133895780395251,0.00585875101988114,0.0969303569129149,0,0,0,0.022941269269816,1.30977406506396E-05,-1.23519658242711E-06,-1.16909872510286E-06,1.15269853150239E-05,2.90501401989279E-07,6.40508902193517E-06,0,0,0,0,0,0,package://alponse.SLDASM/meshes/r elbow.STL,0.752941176470588,0.752941176470588,0.752941176470588,1,0,0,0,0,0,0,package://alponse.SLDASM/meshes/r elbow.STL,,r elbow-1,Origin_5 r elbow,Axis_5 r elbow,5 r elbow,continuous,0.0289,0,0.119,3.1416,0,-1.5708,r sho roll,1,0,0,0,0,0,0,,,,,,,,
l sho pitch,0.00259197322914158,-0.00379361022526298,0.0087598106765613,0,0,0,0.0229412689261394,7.88801316365583E-06,-2.46274955980338E-06,-6.99913370118233E-07,9.81029015753613E-06,1.02454283078454E-06,1.33315121034302E-05,0,0,0,0,0,0,package://alponse.SLDASM/meshes/l sho pitch.STL,0.666666666666667,0.698039215686274,0.768627450980392,1,0,0,0,0,0,0,package://alponse.SLDASM/meshes/l sho pitch.STL,,sho pitch-1,Origin_2 l sho pitch,Axis_2 l sho pitch,2 l sho pitch,continuous,0.0765999999999993,0.0531502873090933,0.082100000000001,1.5707963267949,0,1.5707963267949,torso,0,0,1,0,0,0,0,,,,,,,,
l sho roll,-0.0465341729722751,0.0542977462025218,0.0124014874128724,0,0,0,0.175572535116807,5.38246081719085E-05,-1.13228677137868E-06,7.70763846940199E-07,5.54977956505916E-05,-1.57912719383411E-06,6.52494415397862E-05,0,0,0,0,0,0,package://alponse.SLDASM/meshes/l sho roll.STL,0.752941176470588,0.752941176470588,0.752941176470588,1,0,0,0,0,0,0,package://alponse.SLDASM/meshes/l sho roll.STL,,sho roll-1,Origin_4 l sho roll,Axis_4 l sho roll,4 l sho roll,continuous,0,-0.02402,0.02852,0,0,3.1416,l sho pitch,1,0,0,0,0,0,0,,,,,,,,
l elbow,-0.135883459145391,0.0876054094315431,0.0926849227021877,0,0,0,0.0229412950721974,1.13444607438914E-05,1.27427486690144E-06,6.41901431915635E-07,1.33278631142042E-05,-5.40165788757393E-07,6.35752647318397E-06,0,0,0,0,0,0,package://alponse.SLDASM/meshes/l elbow.STL,0.752941176470588,0.752941176470588,0.752941176470588,1,0,0,0,0,0,0,package://alponse.SLDASM/meshes/l elbow.STL,,l elbow-1,Origin_6 l elbow,Axis_6 l elbow,6 l elbow,continuous,0.0289,0,0.119,3.1416,0,-1.5708,l sho roll,1,0,0,0,0,0,0,,,,,,,,
r hip yaw,-6.93889390390723E-17,0.0112854851813117,-5.55111512312578E-17,0,0,0,0.0286733564050867,6.18735974650268E-06,-6.17982714155809E-20,1.99498299543965E-06,2.19139376393687E-05,-4.58111949120683E-21,2.37112326172567E-05,0,0,0,0,0,0,package://alponse.SLDASM/meshes/r hip yaw.STL,0.792156862745098,0.819607843137255,0.933333333333333,1,0,0,0,0,0,0,package://alponse.SLDASM/meshes/r hip yaw.STL,,Bracket-2,Origin_7 r hip yaw,Axis_7 r hip yaw,7 r hip yaw,continuous,-0.0545,0.0585,-0.108,-1.5708,0,1.5708,torso,0,1,0,0,0,0,0,,,,,,,,
r hip roll,0.0172887784862737,-0.0163913840448249,0.00133125379744741,0,0,0,0.234684154368509,0.000100382621788236,3.3220766861433E-07,9.9339730755696E-07,6.53466233485296E-05,-1.50816206123311E-06,9.17325544285405E-05,0,0,0,0,0,0,package://alponse.SLDASM/meshes/r hip roll.STL,0.752941176470588,0.752941176470588,0.752941176470588,1,0,0,0,0,0,0,package://alponse.SLDASM/meshes/r hip roll.STL,,hip roll-2,Origin_9 r hip roll,Axis_9 r hip roll,9 r hip roll,continuous,0,0.0370000000000001,0,3.14159265358979,0,0,r hip yaw,1,0,0,0,0,0,0,,,,,,,,
r hip pitch,0.0177546520949722,-0.0818398070709357,0.00584044362493659,0,0,0,0.129830811613135,7.01972792492562E-05,1.0869507677297E-05,-8.4211364081418E-07,3.12123117115005E-05,3.25087811690054E-06,7.26762957697497E-05,0,0,0,0,0,0,package://alponse.SLDASM/meshes/r hip pitch.STL,0.752941176470588,0.752941176470588,0.752941176470588,1,0,0,0,0,0,0,package://alponse.SLDASM/meshes/r hip pitch.STL,,hip pitch-2,Origin_11 r hip pitch,Axis_11 r hip pitch,11 r hip pitch,continuous,0,0,0,3.14159265358979,0,3.14159265358979,r hip roll,0,0,1,0,0,0,0,,,,,,,,
r knee,-0.0147074651615296,-0.0586465883106588,0.045855469182339,0,0,0,0.0823991655329362,0.000174195434706357,-1.25863657408667E-05,4.48085492368649E-06,2.62992433303829E-05,4.24232317826817E-05,0.000155290085944721,0,0,0,0,0,0,package://alponse.SLDASM/meshes/r knee.STL,0.752941176470588,0.752941176470588,0.752941176470588,1,0,0,0,0,0,0,package://alponse.SLDASM/meshes/r knee.STL,,knee-2,Origin_13 r kne,Axis_13 r kne,13 r kne,continuous,0,-0.1235,0,0,1.5707963267949,0,r hip pitch,1,0,0,0,0,0,0,,,,,,,,
r ankle pitch,-0.0495141069498481,-0.0276369503863025,0.0178164443329261,0,0,0,0.234684156298427,9.9770235169258E-05,-4.56394454460395E-06,-1.16778180726298E-06,6.59103709200738E-05,-1.00151488804084E-06,9.17811943639859E-05,0,0,0,0,0,0,package://alponse.SLDASM/meshes/r ankle pitch.STL,0.752941176470588,0.752941176470588,0.752941176470588,1,0,0,0,0,0,0,package://alponse.SLDASM/meshes/r ankle pitch.STL,,hip roll-4,Origin_15 r ankle pitch,Axis_15 r ankle pitch,15 r ankle pitch,continuous,0,-0.133000000000001,0,3.14159265358979,1.5707963267949,0,r knee,0,0,1,0,0,0,0,,,,,,,,
r ankle roll,-0.0371560046565665,-0.0315081981189933,0.0761263560711846,0,0,0,0.26498278659695,0.000404608416229014,-1.69666547556798E-06,2.81345245354218E-05,0.000556646440802067,5.18970799441111E-05,0.000175838569771407,0,0,0,0,0,0,package://alponse.SLDASM/meshes/r ankle roll.STL,0.752941176470588,0.752941176470588,0.752941176470588,1,0,0,0,0,0,0,package://alponse.SLDASM/meshes/r ankle roll.STL,,r angkle roll-1,Origin_17 r ankle roll,Axis_17 r ankle roll,17 r ankle roll,continuous,0,0,0,3.14159265358979,1.5707963267949,0,r ankle pitch,0,0,1,0,0,0,0,,,,,,,,
l hip yaw,0,0,0,0,0,0,0,0,0,0,0,0,0,0,0,0,0,0,0,package://alponse.SLDASM/meshes/l hip yaw.STL,1,1,1,1,0,0,0,0,0,0,package://alponse.SLDASM/meshes/l hip yaw.STL,,Bracket-1,Origin_8 l hip yaw,Axis_8 l hip yaw,8 l hip yaw,continuous,0.0545,0.0584999999999997,-0.108,-1.5707963267949,0,1.5707963267949,torso,0,1,0,0,0,0,0,,,,,,,,
l hip roll,0.0152963545689618,-0.015676227165286,0.00946726008488216,0,0,0,0.234684157802193,9.96821701935693E-05,-1.79457840782649E-06,2.84604125336047E-06,6.72441485116727E-05,6.73914600661316E-06,9.05354824166921E-05,0,0,0,0,0,0,package://alponse.SLDASM/meshes/l hip roll.STL,0.752941176470588,0.752941176470588,0.752941176470588,1,0,0,0,0,0,0,package://alponse.SLDASM/meshes/l hip roll.STL,,hip roll-1,Origin_10 l hip roll,Axis_10 l hip roll,10 l hip roll,continuous,0,0.0370000000000001,0,3.14159265358979,0,0,l hip yaw,1,0,0,0,0,0,0,,,,,,,,
l hip pitch,0.0136337696253211,0.0801653041369191,0.0212570941263205,0,0,0,0.129830811986938,7.12103590619204E-05,-8.555920759347E-06,-2.1708605572469E-06,3.24977473893264E-05,-1.01654780461482E-05,7.03777804474885E-05,0,0,0,0,0,0,package://alponse.SLDASM/meshes/l hip pitch.STL,0.752941176470588,0.752941176470588,0.752941176470588,1,0,0,0,0,0,0,package://alponse.SLDASM/meshes/l hip pitch.STL,,hip pitch-1,Origin_12 l hip pitch,Axis_12 l hip pitch,12 l hip pitch,continuous,0,0,0,0,0,-3.12726104154159,l hip roll,0,0,1,0,0,0,0,,,,,,,,
l knee,0.0291523875992457,-0.037054622664713,0.0694061486619598,0,0,0,0.0823991655329362,0.000174209901099024,3.7765836835714E-07,3.56803445903914E-06,0.000100001377367777,7.77104090026475E-05,8.15734855146594E-05,0,0,0,0,0,0,package://alponse.SLDASM/meshes/l knee.STL,0.752941176470588,0.752941176470588,0.752941176470588,1,0,0,0,0,0,0,package://alponse.SLDASM/meshes/l knee.STL,,knee-1,Origin_14 l knee,Axis_14 l knee,14 l knee,continuous,0,0.123500000000001,0,0.0131308900407669,-1.5707963267949,0,l hip pitch,1,0,0,0,0,0,0,,,,,,,,
l ankle pitch,-0.112007186197388,-0.0714174454881373,-0.0239747272952857,0,0,0,0.234684157965976,9.31273174493655E-05,-1.32845060701185E-05,3.54472724909469E-06,7.61512180606739E-05,8.43733533303E-06,8.81832656840968E-05,0,0,0,0,0,0,package://alponse.SLDASM/meshes/l ankle pitch.STL,0.752941176470588,0.752941176470588,0.752941176470588,1,0,0,0,0,0,0,package://alponse.SLDASM/meshes/l ankle pitch.STL,,hip roll-3,Origin_16 l ankle pitch,Axis_16 l ankle pitch,16 l ankle pitch,continuous,0,-0.133,0,1.5707963267949,1.56959560478744,-1.5707963267949,l knee,0,0,1,0,0,0,0,,,,,,,,
l ankle roll,-0.115349614908942,0.00407682623695138,0.0315951600650265,0,0,0,0.26498278659695,0.000270894335417588,-0.000171068998762055,-3.87419347428941E-05,0.000451894787417168,1.85220332351138E-05,0.000414304303967732,0,0,0,0,0,0,package://alponse.SLDASM/meshes/l ankle roll.STL,0.752941176470588,0.752941176470588,0.752941176470588,1,0,0,0,0,0,0,package://alponse.SLDASM/meshes/l ankle roll.STL,,l angkle roll-1,Origin_18 l ankle roll,Axis_18 l ankle roll,18 l ankle roll,continuous,0,0,0,3.14159265358979,0,0,l ankle pitch,1,0,0,0,0,0,0,,,,,,,,
